{"cameraMode":{"drawMode":0,"name":"Shaded","section":"Shading Mode"},"sceneLighting":false,"audioPlay":false,"sceneViewState":{"m_AlwaysRefresh":false,"showFog":true,"showSkybox":false,"showFlares":true,"showImageEffects":true,"showParticleSystems":true,"showVisualEffectGraphs":true,"m_FxEnabled":true},"in2DMode":false,"pivot":{"x":-0.014328449964523316,"y":0.1709950566291809,"z":-0.011197030544281006},"rotation":{"x":0.007827706634998322,"y":-0.9837476015090942,"z":0.04429855942726135,"w":0.17383188009262086},"size":0.3995099365711212,"orthographic":false}