{"cameraMode":{"drawMode":0,"name":"Shaded","section":"Shading Mode"},"sceneLighting":false,"audioPlay":false,"sceneViewState":{"m_AlwaysRefresh":false,"showFog":true,"showSkybox":false,"showFlares":true,"showImageEffects":true,"showParticleSystems":true,"showVisualEffectGraphs":true,"m_FxEnabled":true},"in2DMode":false,"pivot":{"x":-0.01933247223496437,"y":-0.07103579491376877,"z":-0.5739675164222717},"rotation":{"x":-0.017563793808221818,"y":0.913938581943512,"z":-0.0397820807993412,"w":-0.4035489559173584},"size":0.3995099365711212,"orthographic":false}